dataset,repeat,method,tier,device,n_ref,n_query,fit_s,predict_s,peak_mem_mb,n,pct_rejected,accuracy,macro_f1,kappa,ontology_concordance
krasnow_intra,0,actinn-jax,classical,cpu,4538,1484,9.462340167025104,0.1529798330157064,1289.273344,1484,0.0,0.8787061994609164,0.8652280992740249,0.8757131650429784,0.9123989218328841
krasnow_intra,0,scprint,foundation,mps,4538,1484,9.368163042003289,32.69362174998969,4091.838464,1484,0.0,0.02628032345013477,0.010689170134808355,0.024029026350187888,0.2183288409703504
